name;latitude;longitude;car_spaces;moto_spaces;opening_time;closing_time;car_rate;moto_rate;nearby_place
PARQUEADERO ELITE;4,4459;-75,2442;20;20;5:00;21:00;2800;1800;Conservatorio del Tolima (IES) / ICETEX  CEP Ibague (Cll 8 No 3 05)/ Catedral Metropolitana / Plaza de Bolivar (Cra 3 con Cll 10)/ Parque Murillo Toro (entre Cras 3  4 y Cll 10A 11)/ Teatro Tolima (Cra 3 No 11 76)/ Camara de Comercio (Cl 10 No 3  76)/  Biblioteca Dario Echandia  Banco de la Republica (Cra 3A No  11  26)/ Notaria Primera (Cll 10A No 3  19)/ Museo de Arte del Tolima   MAT (Cra 7 No  5  93 Belen)
Parqueadero 24h;4,4457;-75,2443;45;35;5:30;21:30;2800;1800;Parque Murillo Toro/ Catedral / Plaza de Bolivar/ Teatro Tolima/ Conservatorio del Tolima/ Camara de Comercio/ Biblioteca Dario Echandia (Banrep)/ ICETEX (Cll 8 No 3  05)/ Notaria Primera   
Parqueadero de motos Jerto;4,4456;-75,2441;0;25;6:00;20:00;0;1800;ICETEX (Cll 8 No 3 05)/ Conservatorio del Tolima (IES)/ Catedral / Plaza de Bolivar/ Parque Murillo Toro/ Teatro Tolima/ Camara de Comercio/ Biblioteca Dario Echandia/ Notaria Primera
Parqueadero San Andr s;4,4461;-75,2459;60;45;6:30;20:30;2800;1800;Conservatorio del Tolima (IES)/ ICETEX (Cll 8 No 3  05)/ Catedral / Plaza de Bolivar/ Parque Murillo Toro/ Teatro Tolima/ Camara de Comercio/ Biblioteca Dario Echandia/ Notaria Primera   
Parqueadero La 8;4,4462;-75,2436;35;20;7:00;19:00;2800;1600;ICETEX (Cll 8 No 3  05)/ Conservatorio del Tolima (IES)/ Catedral / Plaza de Bolivar/ Parque Murillo Toro/ Teatro Tolima/ Camara de Comercio/ Biblioteca Dario Echandia/ Notaria Primera   
Parqueadero Kr3;4,4458;-75,2436;15;20;7:30;19:30;2800;1800;Catedral / Plaza de Bolivar (misma zona)/ Parque Murillo Toro/ Teatro Tolima/ Conservatorio del Tolima (IES)/ Camara de Comercio/ Biblioteca Dario Echandia/ ICETEX (Cll 8 No 3  05)/ Notaria Primera   
Parqueadero Luis Jaime;4,4459;-75,2436;20;15;8:00;18:00;2800;1400;Conservatorio del Tolima (IES)/ ICETEX (Cll 8 No 3  05)/ Catedral / Plaza de Bolivar/ Parque Murillo Toro/ Teatro Tolima/ Camara de Comercio/ Biblioteca Dario Echandia/ Notaria Primera   
PARQUEADERO DEL CENTRO BELEN;4,4507;-75,244;25;20;8:30;18:30;2800;1800;Museo de Arte del Tolima    MAT (Cra 7 No 5  93)/ Torreon de Belen (Cra 7 No 8  50)/ Catedral / Plaza de Bolivar/ Parque Murillo Toro/ Camara de Comercio/ Conservatorio del Tolima (IES)/ Biblioteca Dario Echandia/ Notaria Primera   
Parqueadero Central;4,4441;-75,2442;15;15;9:00;17:00;2800;1600;Conservatorio del Tolima (IES)/ Catedral / Plaza de Bolivar/ Parque Murillo Toro/ Teatro Tolima/ Camara de Comercio/ Biblioteca Dario Echandia/ ICETEX (Cll 8 No 3  05)/ Notaria Primera   
Parqueadero San Jose;4,4441;-75,2442;20;15;9:30;17:30;2800;1800;ICETEX (Cll 8 No 3  05)/ Conservatorio del Tolima (IES)/ Catedral / Plaza de Bolivar/ Parque Murillo Toro/ Teatro Tolima/ Camara de Comercio/ Biblioteca Dario Echandia/ Notaria Primera   
Parqueadero Central;4,4441;-75,2442;20;20;10:00;18:00;2800;1800;Conservatorio del Tolima (IES  Cll 9 No 1  18)/ ICETEX    CEP (Cll 8 No 3  05)/ Catedral Metropolitana / Plaza de Bolivar (Cra 3 con Cll 10)/ Parque Murillo Toro (entre Cras 3  4 y Cll 10A  11/ frente a la Gobernacion)/ Teatro Tolima (Cra 3 No 11  76)/ Camara de Comercio (Cll 10 No 3  76)/ Biblioteca Dario Echandia    Banco de la Republica (Cra 3A No 11  26)/ Drogueria Jorge Vila (Cra 3 No 9  83)   
Parqueadero Universitario;4,4435;-75,2432;15;50;10:00;20:00;3000;1900;Conservatorio del Tolima/ ICETEX    CEP/ Parque Murillo Toro / Gobernacion del Tolima/ Catedral / Plaza de Bolivar (Palacio Municipal al costado)/ Teatro Tolima/ Camara de Comercio/ Biblioteca Dario Echandia/ Drogueria Jorge Vila   
Parqueadero;4,4439;-75,2428;0;40;11:00;19:00;0;1500;Catedral / Plaza de Bolivar/ Parque Murillo Toro / Gobernacion/ Conservatorio del Tolima/ ICETEX    CEP/ Teatro Tolima/ Camara de Comercio/ Biblioteca Dario Echandia/ La Rebaja (puntos del Centro  eje Cll 12 / Cra 3  5)   
Parqueadero La Diez;4,4428;-75,2433;25;30;11:00;21:00;2500;1500;Conservatorio del Tolima/ ICETEX    CEP/ Catedral / Plaza de Bolivar/ Parque Murillo Toro / Gobernacion/ Teatro Tolima/ Camara de Comercio/ Biblioteca Dario Echandia/ Drogueria Jorge Vila   
Park Service;4,4427;-75,2433;20;20;12:00;18:00;2700;1600;Conservatorio del Tolima/ ICETEX    CEP/ Catedral / Plaza de Bolivar/ Parque Murillo Toro / Gobernacion/ Teatro Tolima/ Camara de Comercio/ Biblioteca Dario Echandia/ La Rebaja (puntos del Centro)   
Parqueadero 1/4 Hora;4,4459;-75,2429;25;10;12:00;20:00;2500;1500;Conservatorio del Tolima/ ICETEX    CEP/ Catedral / Plaza de Bolivar/ Parque Murillo Toro / Gobernacion/ Teatro Tolima/ Camara de Comercio/ Biblioteca Dario Echandia/ Drogueria Jorge Vila   
Parqueadero;4,4455;-75,2423;40;25;13:00;19:00;2700;1800;Catedral / Plaza de Bolivar (Palacio Municipal)/ Parque Murillo Toro / Gobernacion/ Teatro Tolima/ Conservatorio del Tolima/ ICETEX    CEP/ Camara de Comercio/ Biblioteca Dario Echandia/ Drogueria Jorge Vila (misma zona de Cll 9)   
Parqueadero M y C;4,4425;-75,2425;25;16;13:00;21:00;2500;1600;Conservatorio del Tolima/ ICETEX    CEP/ Parque Murillo Toro / Gobernacion/ Catedral / Plaza de Bolivar/ Teatro Tolima/ Camara de Comercio/ Biblioteca Dario Echandia/ La Rebaja (Cll 12    Centro)   
Parqueadero Arias;4,4423;-75,2424;30;20;14:00;20:00;2600;1800;Conservatorio del Tolima/ ICETEX    CEP/ Parque Murillo Toro / Gobernacion/ Catedral / Plaza de Bolivar/ Teatro Tolima/ Camara de Comercio/ Biblioteca Dario Echandia/ La Rebaja (Cll 12    Centro)   
Parqueadero Tauros;4,4424;-75,2423;40;30;14:00;22:00;2900;2000;Conservatorio del Tolima/ ICETEX    CEP/ Parque Murillo Toro / Gobernacion/ Catedral / Plaza de Bolivar/ Teatro Tolima/ Camara de Comercio/ Biblioteca Dario Echandia/ Drogueria Jorge Vila / La Rebaja (Centro)   
Parqueadero Cinema Imperial;4,444;-75,2403;20;25;15:00;21:00;2700;1600;Cinema Imperial (Cl   12 No 3  44)/ Parque Murillo Toro (frente a la Gobernacion  Cras 3 4 con Cll 10A 11)/ Gobernacion del Tolima (Cra 3 entre Cll 10 11)/ Alcaldia / Plaza de Bolivar (Cll 9 No 2  59)/ Conservatorio del Tolima (IES  Cll 9 No 1  18)/ ICETEX    CEP (Cll 8 No 3  05)/ Teatro Tolima (Cra 3 No 11  76)/ Camara de Comercio (Cl 10 No 3  76)/ Biblioteca Dario Echandia    Banrep (Cra 3A No 11  26)/ Drogueria Jorge Vila (Cra 3 No 9  83)   
Parqueadero ESTACION CENTRAL;4,4447;-75,24;30;28;16:00;22:00;2500;1800;Parque Murillo Toro / Gobernacion/ Alcaldia / Plaza de Bolivar/ Conservatorio del Tolima (IES)/ ICETEX    CEP/ Teatro Tolima/ Camara de Comercio/ Biblioteca Dario Echandia/ Drogueria Jorge Vila   
Parqueadero la 12;4,443;-75,2419;27;20;6:00;21:00;2800;2000;Parque Murillo Toro / Gobernacion/ Alcaldia / Plaza de Bolivar/ Conservatorio del Tolima (IES)/ ICETEX    CEP/ Teatro Tolima/ Camara de Comercio/ Biblioteca Dario Echandia/ Drogueria Jorge Vila   
Parqueadero Publico La Primera;4,442;-75,2413;45;20;7:00;20:00;2700;1900;Parque Murillo Toro / Gobernacion/ Alcaldia / Plaza de Bolivar/ Conservatorio del Tolima (IES)/ ICETEX    CEP/ Teatro Tolima/ Camara de Comercio/ Biblioteca Dario Echandia/ Drogueria Jorge Vila   
Parqueadero Gran Prix;4,4419;-75,2412;0;40;8:00;22:00;0;1800;Parque Murillo Toro / Gobernacion/ Alcaldia / Plaza de Bolivar/ Conservatorio del Tolima (IES)/ ICETEX    CEP/ Teatro Tolima/ Camara de Comercio/ Biblioteca Dario Echandia/ Drogueria Jorge Vila   
Parqueadero la Quinta;4,4453;-75,239;40;20;9:00;21:00;2800;1700;Parque Murillo Toro / Gobernacion/ Alcaldia / Plaza de Bolivar/ Conservatorio del Tolima (IES)/ ICETEX    CEP/ Teatro Tolima/ Camara de Comercio/ Biblioteca Dario Echandia/ Drogueria Jorge Vila   
Parqueadero Carrera 5;4,4449;-75,2387;30;20;10:00;22:00;2900;1600;Parque Murillo Toro / Gobernacion/ Alcaldia / Plaza de Bolivar/ Conservatorio del Tolima (IES)/ ICETEX    CEP/ Teatro Tolima/ Camara de Comercio/ Biblioteca Dario Echandia/ Drogueria Jorge Vila  
Parqueadero downtown;4,4442;-75,2393;20;16;5:00;22:00;2500;1800;Parque Murillo Toro / Gobernacion/ Alcaldia / Plaza de Bolivar/ Conservatorio del Tolima (IES)/ ICETEX    CEP/ Teatro Tolima/ Camara de Comercio/ Biblioteca Dario Echandia/ Drogueria Jorge Vila   
Parqueadero Siglo XXI;4,4433;-75,2388;45;50;6:00;23:00;2700;1800;Parque Murillo Toro / Gobernacion/ Alcaldia / Plaza de Bolivar/ Conservatorio del Tolima (IES)/ ICETEX    CEP/ Teatro Tolima/ Camara de Comercio/ Biblioteca Dario Echandia/ Drogueria Jorge Vila   
Parqueadero Centro 15;4,4404;-75,2398;30;27;7:00;23:00;2500;1600;Zona Sur (fuera del eje Centro La Pola)  Gobernacion/Alcaldia/ICETEX no quedan cercanos   Referencias de transporte paraderos Carrera 15 Sur / Los Tunjos 2/ conectividad a Calle 15   
Parqueadero La Metro;4,4396;-75,2346;25;17;8:00;23:00;2700;2000;Eje Centro ampliado (a 8  10 cuadras) Plaza de Bolivar / Catedral / Palacio Municipal/ Parque Murillo Toro (frente a la Gobernacion)/ Teatro Tolima/ Plazoleta & Biblioteca Dario Echandia (Banrep)   
Parqueadero Los Ocobos;4,4384;-75,2349;35;20;9:00;23:00;2800;1800;Mismo eje Calle 19 centro La Pola   Plaza de Bolivar / Catedral / Palacio Municipal/ conexion rapida hacia Parque Murillo Toro    Gobernacion/ Teatro Tolima/ Biblioteca Dario Echandia (Banrep)   
PARQUEADERO LA 19;4,4377;-75,2358;45;25;10:00;23:00;2500;1900;Barrio San Pedro Alejandrino (comercio local sobre Av   19)/ movilidad por Av   19
Parqueadero Publico del Terminal de Transportes ;4,4375;-75,2347;70;30;6:00;18:00;3000;2000;Terminal de Transportes de Ibague (buses intermunicipales)/ comercio y servicios del sector Terminal/ buenas salidas hacia Sur y occidente   
Parqueadero Truck parking;4,4353;-75,2351;50;30;7:00;17:00;2800;1900;Sector Sur / corredor Terminal   talleres y servicios automotrices/ paraderos urbanos/ conexion con Terminal   
Parqueadero del Centro;4,4395;-75,2314;90;50;8:00;16:00;3000;2000;Tramo centro  alto   Plaza de Bolivar / Catedral / Palacio Municipal/ Parque Murillo Toro    Gobernacion/ Teatro Tolima/ Biblioteca Dario Echandia (Banrep)   
Parqueadero Arado Ibagu ;4,4329;-75,2348;0;50;12:00;22:00;0;2000;Sector Sur   conectividad con Terminal y corredores Cra 3 Sur/ servicios automotrices/ comercio barrial  
Servicio de Parqueadero Gal n Tamales;4,433;-75,2396;40;20;11:00;23:00;2500;1900;Sector Sur   eje gastronomico y talleres/ conectividad con vias del Sur/ proximidad funcional a Terminal por corredores locales  
parqueadero;4,4321;-75,2439;30;20;15:00;23:00;2700;2000;Sur    barrios residenciales   comercio local  paraderos urbanos/ enlace hacia Hipodromo / escenarios deportivos del sector sur  oriental  
Parqueadero rodolfo;4,4297;-75,2444;30;15;16:00;23:00;3000;1600;Centro ampliado   acceso hacia Plaza de Bolivar / Catedral/ Parque Murillo Toro    Gobernacion/ Teatro Tolima/ Biblioteca Dario Echandia (Banrep)  
"Parqueadero de Expreso Ibagu 
";4,4188;-75,2593;40;40;6:00;22:00;3000;1800;Barrio El Jazmin (comercio y servicios locales)/ conectividad a Terminal de Transportes por ejes del sur/ paraderos urbanos  
Parqueadero Barrio Galarza;4,4276;-75,234;20;10;6:00;22:00;2500;1500;Barrio Galarza / corredor sur/ comercio de barrio/ acceso a Terminal de Transportes por vias del sur/ paraderos urbanos  
Parqueadero las ferias;4,4316;-75,2318;20;25;6:00;22:00;2700;1700;Sector Las Ferias (actividad comercial)/ cercania funcional a Terminal/ paraderos urbanos  
Aparcadero Central;4,4456;-75,2412;50;40;6:00;22:00;3000;2000;Centro ampliado   Plaza de Bolivar / Catedral / Palacio Municipal/ Parque Murillo Toro (frente a la Gobernacion)/ Teatro Tolima/ Plazoleta & Biblioteca Dario Echandia (Banrep)/ ICETEX    CEP  
Parqueadero 5ta avenida centro;4,4458;-75,2395;35;25;7:30;19:30;2800;1700;Centro ampliado   Parque Murillo Toro    Gobernacion/ Alcaldia / Plaza de Bolivar/ Conservatorio del Tolima (IES)/ Teatro Tolima/ Banrep / Plazoleta Dario Echandia/ ICETEX    CEP  
Parqueadero Belencito;4,448;-75,2403;26;10;8:00;18:00;2600;1600;Belen   Museo de Arte del Tolima (MAT)/ Torreon de Belen/ a pocas cuadras de Plaza de Bolivar / Catedral/ acceso a Parque Murillo Toro    Gobernacion  
Lion Paradise Parqueadero Y Lavadero;4,4481;-75,2406;28;15;8:30;18:30;2800;1800;Belen / corredor Cra 7   MAT y Torreon de Belen como referencias/ comercio y cafeterias del sector/ acceso a centro historico  
Parqueadero R.S 24 Hr;4,4515;-75,2364;25;20;9:00;17:00;2700;1600;Corredor oriente  sur (fuera del centro)   comercio local/ paraderos urbanos/ conectividad hacia Hipodromo/Unidad Deportiva  
Parqueadero Lorenzo;4,4514;-75,2335;30;20;9:30;17:30;2600;1800;Barrio Ancon (servicios y comercio locales)/ proximidad funcional a Av   Guabinal/ paraderos urbanos  
Parqueadero La 12;4,4462;-75,237;35;25;10:00;18:00;2500;2000;Barrio Pueblo Nuevo/ comercio de la Calle 12/ conectividad a Av   Guabinal/ paraderos urbanos  
Parqueadero el Gran Diamante;4,4455;-75,2373;25;15;10:00;20:00;2600;1800;Sector Calle 13    Cra 6 (occidente)/ comercio y servicios de barrio/ paraderos urbanos sobre Cll 13 y Cra 6   
Parqueadero Y Lavadero Metro Autos;4,4456;-75,2346;35;20;11:00;19:00;2800;1700;Barrio Interlaken/ comercio automotriz/ paraderos urbanos de Cll 16 y Cra 7/ conexion a Av   Guabinal por vias locales   
Parqueadero;4,4461;-75,234;28;16;11:00;21:00;2900;2000;Avenida Guabinal (corredor principal con bancos  mercados y paraderos)/ servicios y comercio del eje Guabinal   
Parqueadero la 16;4,4446;-75,2344;30;20;6:00;22:00;2800;1800;Interlaken    Calle 16 (comercio local  cafes  tiendas)/ facil acceso a Av   Guabinal/ paraderos urbanos  
Parqueadero cubierto El Mana;4,4422;-75,2342;28;16;6:00;22:00;3000;1900;Calle 17 / Cra 4 (occidente centro ampliado)/ comercio barrial/ conectividad hacia Cll 17 y ejes del centro   (Si el destino es centro historico  aun queda a varias cuadras)  
Parqueadero avenida tercera;4,4401;-75,2345;20;25;6:00;22:00;2800;1700;Corredor Carrera 3 (norte sur con comercio variado)/ acceso hacia Centro por Cll 10 12 (a varias cuadras)/ paraderos urbanos sobre Cra 3  
Parqueadero la 7;4,4445;-75,2322;35;10;6:00;22:00;3000;1800;Eje Carrera 7 (conexion a Belen y zona centro por Cll 8 10)/ servicios y comercio del corredor/ paraderos urbanos  
Parqueadero Boquer n Ibagu ;4,4143;-75,2635;28;17;6:00;22:00;2800;1800;Sector Boqueron / Sur/ comercios de la Cra 38 Sur/ rutas hacia variante sur/ paraderos urbanos  
Parqueadero Los guayabos;4,4159;-75,2592;40;20;6:00;22:00;3000;2000;Barrio/sector Los Guayabos    Cll 20 Sur/ comercio local/ rutas a Miramar / Av   20 Sur/ paraderos urbanos   
Parqueadero Miramar;4,4216;-75,2515;41;22;6:00;22:00;2900;1900;Sector Miramar    Cll 20 Sur/ tiendas y servicios residenciales/ conectividad con Los Guayabos y ejes del sur/ paraderos urbanos   
parqueadero J G MEZ;4,4185;-75,2407;40;10;6:00;22:00;3000;2000;Variante Ibague  Armenia (corredor vial)/ paraderos/buses de la Variante/ acceso a occidente (Cajamarca)    
Parqueadero;4,4398;-75,2243;30;20;6:00;22:00;2700;1800;Barrio Hipodromo/ Estadio Manuel Murillo Toro (Cra 4A / Cl 36  37)/ paraderos de Av   Ferrocarril/ Centro Comercial La Quinta (parada cercana)   
Parqueadero Publico M Treinta;4,4407;-75,2198;50;30;6:00;22:00;3000;2100;Smart Fit    M30 (mismo edificio)/ IDIME Ibague Imagenes (Cra 4D No 32  29)/ Clinica Asotrauma (Cra 4D No 32  34)/ Centro optico Keralty    Cadiz (Cra 5 No 31  86)   
Parqueadero Publico Urocadiz;4,4387;-75,2188;37;23;6:00;22:00;3000;2800;Clinica Asotrauma (Cra 4D No 32  34)/ IDIME Ibague Imagenes (Cra 4D No 32  29)/ Centro optico Keralty    Cadiz (Cra 5 No 31  86)   (Zona medica Cadiz  ) 
Parqueadero la fortuna;4,4392;-75,2198;25;10;6:00;22:00;3200;2100;Centro optico Keralty    Cadiz (misma direccion)/ a 1 2 cuadras de IDIME y Clinica Asotrauma   
Parqueadero p.p;4,4352;-75,2209;29;15;6:00;22:00;2200;1800;Clinica Asotrauma (Cra 4D No 32  34)/ IDIME Ibague Imagenes (Cra 4D No 32  29)/ Centro optico Keralty    Cadiz (Cra 5 No 31  86)   (Zona medica Cadiz  ) 
Parqueadero Federico-estadio;4,4326;-75,2193;40;25;6:00;22:00;2800;2000;Hospital Federico Lleras Acosta    sede La Francia (Cl 33 No 4A  50)/ Estadio Manuel Murillo Toro (Cra 4A / Cl 36  37)/ Canchas Multiples Barrio La Francia (Cra 4A/Tamana)   
Parqueadero;4,4313;-75,2192;80;24;6:00;22:00;2000;1500;Estadio Manuel Murillo Toro/ paraderos de Cl 37 / Av   Ferrocarril/ Barrio Hipodromo   
PARQUEADERO 24 HORAS;4,434;-75,2237;60;30;6:00;22:00;2600;2000;Si esta entre Cl 33 37   Hospital Federico Lleras/ Estadio Murillo Toro/ paraderos de Av   Ferrocarril   
Parqueadero PYP Peter;4,4304;-75,2151;40;34;6:00;22:00;3000;2800;Hospital Federico Lleras (Cl 33 No 4A  50)/ paraderos Av   Ferrocarril / Cll 28 (accesos al sector La Francia)/ Canchas La Francia (Cra 4A/Tamana)   
parqueadero;4,4303;-75,2151;30;30;12:00;18:00;2800;1600;Barrio La Francia / Hipodromo/ Hospital Federico Lleras    sede La Francia (Cll 33 No 4A  50)/ Paraderos Av   Ferrocarril (Hipodromo / Cll 26 29)/ Estadio Manuel Murillo Toro (Cra 4A / Cll 36 37)/ Canchas Multiples La Francia (Cra 4A/Tamana)   
Parqueadero La Tertulia;4,4286;-75,2131;0;60;12:00;20:00;0;1600;Sector residencial Cll 42 oriente/ acceso por Av   Ferrocarril/ conexion al eje Hipodromo La Francia (paraderos y escenarios deportivos)  
Parqueadero El Boga 2;4,4304;-75,2083;150;80;13:00;19:00;3500;2600;Zona industrial El Papayo (sur)/ servicios y talleres/ conectividad a Terminal de Transportes por corredores del sur   
Parqueadero Publico;4,4374;-75,2158;40;30;13:00;21:00;2900;1900;Barrio Magisterio / Cll 38/ cercania al eje Hipodromo La Francia/ Estadio Manuel Murillo Toro a pocas cuadras/ paraderos de Av   Ferrocarril   
Parqueadero de Motos Diana;4,4336;-75,2205;0;50;14:00;20:00;0;2000;Hospital Federico Lleras    sede La Francia (Cll 33 No 4A  50) (misma cuadra)/ Paraderos Av   Ferrocarril x Cll 28 29 (Hipodromo)   
Parqueadero Cadiz;4,4371;-75,2206;18;15;14:00;22:00;2900;2000;Clinica Asotrauma (Cra 4D No 32  34)/ IDIME Ibague Imagenes (Cra 4D No 32  29)/ Centro optico Keralty    Cadiz (Cra 5 No 31  86)   (Cluster medico de Cadiz  ) 
Parqueadero;4,439;-75,2168;15;15;15:00;21:00;2700;1800;En el cluster medico de Cadiz   Asotrauma/ IDIME/ Keralty    Cadiz a 1 3 cuadras   
Parqueadero Don Jorge;4,4375;-75,2136;20;16;6:00;22:00;2800;2000;Cadiz / La Francia norte   a pocas cuadras del cluster Asotrauma IDIME Keralty/ acceso a Av   Ferrocarril   
parqueadero 24 horas;4,4357;-75,2132;120;50;6:00;22:00;3000;2500;La Macarena / Interlaken baja/ conexion a Av   Ferrocarril/ Estadio Manuel Murillo Toro a distancia caminable (sur)/ paraderos urbanos   
Parqueadero;4,4364;-75,2118;60;40;6:00;22:00;2800;1800;Eje Cll 41    Cra 6 (Macarena/Interlaken)/ comercio local y paraderos/ acceso al corredor Av   Guabinal por vias de barrio   
Parqueadero Publico;4,4359;-75,2135;20;17;6:00;22:00;3000;2000;Macarena Parte Alta (residencial)/ conectividad por Av   Ambala y Av   Ferrocarril/ cercania funcional a Estadio Manuel Murillo Toro / Hipodromo y al eje La Francia (paraderos urbanos  comercio de barrio)  
Parqueadero Piedra Pintada;4,4352;-75,209;17;17;6:00;22:00;3000;2000;Barrio Piedra Pintada (residencial/comercial)/ parques de la zona/ conexion rapida a Av   Ambala y Av   Guabinal/ cercania funcional al eje Calle 60 (centros comerciales  bancos  restaurantes)  
PARKING BERLIN;4,443;-75,2259;50;30;6:00;22:00;2800;1900;Corredor Av   Guabinal (bancos  farmacias  cafes  estaciones de servicio)/ multiples paraderos SITP/ acceso a Calle 60 y Jordan  
Parqueadero Horas y Mensualidades;4,4415;-75,2232;12;20;6:00;22:00;2900;2000;Barrio Belalcazar (comercio local)/ conectividad hacia La Francia / Av   Ferrocarril/ servicios de barrio (tiendas  droguerias de cadena cercanas sobre vias principales)  
Parqueadero AA;4,4406;-75,2238;50;40;6:00;22:00;2800;2000;Eje Calle 28    Cra   5 (mixto residencial/comercial)/ conexion con Av   Ferrocarril/ talleres y autoservicios cercanos/ paraderos urbanos  
PADILLAUTOS;4,4454;-75,218;10;10;6:00;22:00;3000;2000;Av   Ambala (corredor principal)/ viveros y comercio automotriz/ proximidad al eje La Macarena    Interlaken/ acceso a Calle 60  
Cicloparqueadero gratuito D1;4,4368;-75,2082;4;4;6:00;22:00;0;0;Tienda D1 (punto de cicloparqueo)/ zona residencial con comercio de proximidad/ acceso a Av   Guabinal/ paraderos urbanos  
Parqueadero;4,4417;-75,2057;70;40;6:00;22:00;1700;1000;Eje Calle 60   gran concentracion de centros comerciales  restaurantes  bancos y servicios (Multicentro/La Estacion  clinicas  supermercados)/ alto flujo de transporte publico  
Parking Mini Stop;4,4368;-75,2047;5;7;6:00;22:00;500;500;Barrio Limonar (residencial con comercio local)/ cercania funcional al eje Calle 60 (bancos  CC  restaurantes) y a Av   Guabinal/ paraderos urbanos  
Parqueadero Motos 24 horas;4,4379;-75,2029;0;50;6:00;22:00;0;1800;Corredor Cra   6A con acceso a Calle 57 60/ servicios de barrio/ proximidad al eje Calle 60 / Av   Guabinal/ paraderos urbanos  
Parqueadero Mparking;4,4374;-75,2027;30;40;6:00;22:00;2000;1500;Prados del Norte (residencial con comercio de proximidad)/ conexion rapida a Calle 64 67/ cercania funcional al eje Av   Guabinal / Calle 60 (restaurantes  bancos  supermercados)/ transporte urbano por Cll 64 66  
Parqueadero Multicentro;4,4377;-75,2007;450;200;6:00;22:00;3000;2500;Calle 64    corredor norte/ a pocas cuadras del eje Calle 60 (centros comerciales  restaurantes  bancos)/ comercio de barrio en Prados / Jordan/ rutas SITP por Cll 64 / Cra 10 22  
Parqueadero La 64;4,4427;-75,2027;90;30;6:00;22:00;2900;1800;Barrio Jordan (parques  comercio y servicios)/ acceso rapido a Av   Ambala y Calle 60/ supermercados y droguerias de cadena sobre Jordan / Cll 60 64/ paraderos en Cra 10  
Parqueadero;4,4411;-75,2016;32;18;6:00;22:00;4000;2000;Jordan / Prados/ corredor Calle 64 (rutas SITP)/ proximidad a Av   Guabinal/ servicios de barrio (cafeterias  panaderias  droguerias)  
Parqueadero;4,4421;-75,1996;45;30;6:00;22:00;4500;2200;Jordan 9  etapa (residencial)/ parques y canchas del sector/ comercio de proximidad/ conexion a Av   Ambala y Calle 60  
Parqueadero La 67;4,441;-75,1995;28;20;6:00;22:00;3800;1800;Zona Jordan / Calle 65B 67 (norte)/ Universidad de Ibague (campus sobre Cll 67)/ rutas y paraderos SITP por Cll 65B 67/ conectividad a Av   Guabinal y Av   Ambala/ comercio de barrio (panaderias  cafes  minimercados) y droguerias de cadena sobre Guabinal / Ambala/ cercania funcional al eje Calle 60 (bancos  CC  restaurantes)
Parqueadero La 60 Con Guabinal;4,4422;-75,2056;60;40;6:00;22:00;5000;2500;Nodo Calle 60 ? Av   Guabinal   alta oferta de bancos  restaurantes  clinicas  supermercados y estaciones de servicio/ multiples paraderos SITP/ acceso a centros comerciales del eje 60  
Parqueadero;4,4478;-75,1985;75;55;6:00;22:00;5200;2600;Corredor Calle 67 (norte de la ciudad)/ muy cerca del eje Universidad de Ibague y equipamientos universitarios/deportivos/ rutas por Cra 22 / Cll 67  
Parqueadero La 64;4,4487;-75,2013;22;15;6:00;22:00;3500;1800;Av   Ambala    Calle 64 (comercio de barrio  droguerias y restaurantes)/ proximidad a Jordan / Piedra Pintada/ rutas SITP por Ambala  
Parqueadero La Calena;4,4503;-75,202;38;28;6:00;22:00;4200;2000;Eje Cll 37    Av   Ferrocarril / Hipodromo (segun cruce exacto)   acceso a Estadio Manuel Murillo Toro y La Francia/ comercio y paraderos del corredor Ferrocarril  
Parqueadero;4,4492;-75,1996;50;36;6:00;22:00;4800;2400;Universidad de Ibague (campus principal  entorno academico y deportivo)/ comercio universitario/ rutas por Cra 22 / Cll 67/ cercania a Calle 60 67 (bancos  restaurantes  CC)  
Parqueadero;4,4506;-75,2003;42;24;6:00;22:00;4300;2100;Universidad de Ibague (eje Cll 67) / Nodo Cll 60 67 (bancos  CC  restaurantes) / Av   Guabinal (paraderos  comercio) / Av   Ambala (conexion Jordan/Piedra Pintada) / Parques residenciales de Jordan/Prados / Supermercados y droguerias de cadena sobre Guabinal/Ambala  
Parqueadero;4,452;-75,1997;66;50;6:00;22:00;5200;2600;Universidad de Ibague / Cra   22 (rutas SITP) / Cll 60 (La Estacion/Multicentro) / Av   Guabinal / Av   Ambala / Comercio universitario (cafes  fotocopiadoras) / Parques y canchas barriales  
Parqueadero 24 Horas Chucho;4,4538;-75,2001;30;18;6:00;22:00;3900;1900;Corredor norte Cra   24 / Cercania funcional a Cll 64 67 / Acceso rapido a Av   Guabinal y Cll 60 / Comercio de barrio (panaderias  minimercados  droguerias) / Paraderos urbanos  
Parqueadero los  ngeles;4,456;-75,2041;48;32;6:00;22:00;4700;2300;Eje Calle 61 60 / Centros comerciales del 60 (restaurantes  bancos) / Av   Guabinal / Barrio Los angeles/Prados / Droguerias y supermercados de cadena / Paraderos SITP  
Parqueadero rodolfo;4,4322;-75,2452;36;22;6:00;22:00;4100;2000;Centro occidente (Cll 21) / Acceso hacia Centro historico (Plaza de Bolivar / Murillo Toro / Teatro) a varias cuadras / Comercio de barrio / Paraderos por Cll 21 y Cra   13  
JCR;4,4295;-75,2469;80;60;6:00;22:00;5400;2700;Corredor Sur / Proximidad a Terminal por vias del sur / Talleres/servicios automotrices / Paraderos urbanos / Comercio local (ferreterias  minimercados)  
Parqueadero;4,4313;-75,1999;55;40;6:00;22:00;5000;2500;Sur (residencial/mixto) / Conexion a Terminal / Paraderos de rutas urbanas / Comercio de barrio (panaderias  miscelaneas  droguerias de cadena sobre ejes principales)  
Gruas y Parqueadero La Cor;4,4279;-75,2026;24;16;6:00;22:00;3600;1800;Zona Industrial Picalena / Servicios logisticos  gruas  talleres / Acceso a Variante Aeropuerto / Paraderos intermunicipales/urbanos del sector / Estaciones de servicio  
Moto Parking la 2da;4,4479;-75,2429;44;26;6:00;22:00;4400;2100;Centro   Plaza de Bolivar/Palacio Municipal / Parque Murillo Toro/Gobernacion / Conservatorio del Tolima / Teatro Tolima / Camara de Comercio / Biblioteca Dario Echandia / ICETEX (Cll 8)  
ServiCotrautol;4,4413;-75,1844;52;34;6:00;22:00;4800;2300;Barrio El Jardin (residencial) / Conexion a Calle 60 y Av   Guabinal / Centros comerciales del 60 / Droguerias y supermercados de cadena / Paraderos SITP  
PARQUEADERO LA TERTULIA 24 HORAS;4,4383;-75,1855;40;25;6:00;22:00;4200;2000;Corredor norte Cll 84    Cra 4/ conexion a Av   Ambala y Cra 5/ comercio y servicios residenciales/ paraderos SITP del sector/ acceso a zonas Jordan/Prados  
PARQUEADERO 24 HORAS;4,4373;-75,185;70;55;6:00;22:00;5300;2600;Eje Carrera 4 norte/ salidas hacia Cll 80 86/ comercio de proximidad (tiendas  droguerias  talleres)/ paraderos sobre Cra 4 / Cll 80s  
PARQUEADERO LAS 24 HORAS;4,4379;-75,1821;34;20;6:00;22:00;4000;1900;Barrio Tunal/ cercania a Av   Guabinal y Cll 37 40/ comercio local y paraderos/ conexion hacia Calle 60   
Parqueadero;4,4501;-75,2019;58;42;6:00;22:00;5000;2400;Corredor Cll 37    Av   Ferrocarril / Hipodromo/ acceso a Estadio Manuel Murillo Toro y La Francia/ comercio y paraderos sobre Ferrocarril  
Parqueadero Portal de la Virgen;4,4324;-75,1894;26;18;6:00;22:00;3700;1800;Zona norte  occidente (Diag   77C)/ vias residenciales con acceso a Av   Ambala/Guabinal/ parques y comercio barrial/ paraderos urbanos del sector  
Parqueadero 92 a;4,4358;-75,1778;62;46;6:00;22:00;5200;2500;Corredor extremo sur (Cll 90s)/ servicios/talleres de la zona/ conexion a Via Picalena / Variante/ paraderos locales   
Parqueadero publico;4,4521;-75,1993;47;30;6:00;22:00;4600;2200;Universidad de Ibague (eje Cll 67)/ Cra 22 con rutas SITP/ cercania funcional a Calle 60 (centros comerciales  bancos  restaurantes)/ Av   Guabinal/Ambala a pocas cuadras  
Parqueadero La Estaci n;4,4439;-75,1719;29;16;6:00;22:00;3800;1700;Eje Calle 60    CC La Estacion/Multicentro (restaurantes  bancos  clinicas  supermercados)/ paraderos sobre Cll 60 y Cra 5/ conexion a Av   Guabinal  
Parqueadero La 100-DA;4,4479;-75,1764;54;38;6:00;22:00;4900;2300;Barrio Arkala / Cll 100/ comercio local/ acceso a Av   Ambala/ rutas hacia norte de la ciudad/ paraderos del sector  
PARQUEADERO TALLERES LA 100;4,4451;-75,1748;41;24;6:00;22:00;4300;2000;Corredor Calle 100 (norte)/ barrios Arkala / Varsovia/ conexion a Av   Ambala/ estaciones de servicio y talleres/ rutas y paraderos SITP del sector  
Cat logo pac fica;4,4384;-75,1862;68;52;6:00;22:00;5300;2600;Corredor Cra   3B (residencial/comercial)/ acceso hacia Av   Ferrocarril y Calle 60/ comercio de proximidad (panaderias  droguerias  miscelaneas)/ paraderos urbanos  
PARQUEADERO LA FLORESTA;4,4349;-75,2025;33;20;6:00;22:00;4000;1900;Barrio La Floresta (residencial con comercio)/ muy cerca del eje Calle 60 (centros comerciales  bancos  restaurantes)/ conexion a Av   Ambala y Av   Guabinal/ droguerias y supermercados de cadena en 59  60  
Parqueadero Donde Villa Barrio Tunal;4,4346;-75,1913;72;58;6:00;22:00;5400;2700;Barrio Tunal (residencial)/ cercania a Av   Guabinal y Cll 76 80/ comercio de barrio/ paraderos SITP/ conexion hacia Calle 60 por Guabinal  
Parqueadero Jos  Climaco;4,4512;-75,1633;27;14;6:00;22:00;3600;1700;Praderas del Norte (residencial)/ conectividad por Cll 64  67 / Cra 22/ cercania funcional a Universidad de Ibague (eje Cll 67) y al nodo Calle 60 (bancos  CC  restaurantes)  
Parqueadero;4,4478;-75,1559;49;35;6:00;22:00;4700;2300;Calle 14A (occidente  centro ampliado)/ comercio de proximidad/ acceso hacia Centro por ejes Cll 10 14/ paraderos urbanos   (Si compartes cruce/carrera exacta  afino puntos puntuales  )
Parqueadero, Vivero y Ferreter a Materiales El Nevado ;4,4478;-75,156;35;22;6:00;22:00;4100;2000;Sector Cll 129 (norte)/ corredores Ambala / Mirolindo alto/ comercio de construccion y viveros/ estaciones de servicio/ paraderos del sector  
PARQUEADERO;4,4461;-75,1503;64;48;6:00;22:00;5200;2500;Eje Carrera 8 (largo corredor urbano)/ acceso a centros barriales y a Av   Ferrocarril/ paraderos SITP   (Indicame la cuadra para darte hitos exactos  )
Parqueadero R.S 24 HRS;4,4499;-75,1439;31;19;6:00;22:00;3900;1900;Extremo norte (Calle 140s)/ vias residenciales con acceso a Ambala/Varsovia/ comercio local/ paraderos del sector   
Parqueadero las tres jjj;4,451;-75,1424;57;41;6:00;22:00;5000;2400;Zona mixta residencial/comercial segun cuadra/ acceso a ejes principales cercanos (segun carrera/calle exacta)/ paraderos urbanos y comercios de proximidad   
Parqueadero central Santa catalina;4,4547;-75,1296;43;26;6:00;22:00;4400;2100;Zona norte occidente (Santa Catalina / Cll 14A)/ conexion a Av   Ambala y Cra 5/ comercio de barrio (droguerias  minimercados)/ paraderos SITP del sector  
Parqueadero del Parque Deportivo;4,4264;-75,1825;76;60;5:00;21:00;5500;2700;Complejo Parque Deportivo de Ibague (canchas  pistas  coliseos)/ rutas y paraderos de la zona/ comercio y cafeterias deportivas  
Parqueadero el 9;4,4262;-75,181;25;15;5:30;21:30;3600;1800;Parque Deportivo   escenarios deportivos  ciclovias/ puntos de transporte urbano y comercio de soporte (hidratacion  farmacias cercanas)  
PARQUEADERO LA TIA (8);4,426;-75,181;52;33;6:00;20:00;4800;2300;Corredor Via Aeropuerto Perales/ Aeropuerto Perales (servicios aeroportuarios)/ acceso a Mirolindo / Variante/ estaciones de servicio y paraderos intermunicipales/urbanos  
Parqueadero Conjunto Wakari;4,4249;-75,1768;39;24;6:30;20:30;4200;2000;Sector sur occidente (Mirolindo/Perales)/ vias residenciales con salida a Via Aeropuerto/ comercio de proximidad/ paraderos locales  
Parqueadero ID+;4,4258;-75,1762;61;45;7:00;19:00;5100;2500;Eje Aeropuerto Perales/ conectividad con Mirolindo y Variante/ estaciones de servicio y talleres/ transporte intermunicipal/urbano del corredor  
Parqueadero Mirolindo- Tr nsito;4,4302;-75,1737;28;17;7:30;19:30;3800;1800;Nodo Mirolindo (intercambiador vial)/ barrio El Palmar/ talleres  centros logisticos/ acceso a Variante y Av   Mirolindo/ paraderos de alto flujo  
Parqueadero Mirolindo    Ibague;4,4218;-75,1848;46;29;8:00;18:00;4600;2200;Intercambiador Mirolindo/ plataformas logisticas/transportadoras (zona 40 )/ conexion directa a Variante    Aeropuerto/ comercio automotriz  
PARQUEADERO DE COLTANQUES    IBAGUE;4,422;-75,1854;73;55;8:30;18:30;5400;2700;Zona logistica/industrial Mirolindo (transportadoras  patios de carga)/ accesos a Variante y Aeropuerto/ estaciones de servicio  
Parqueadero El Transportador;4,4203;-75,1844;37;23;9:00;17:00;4100;2000;Via Variante (corredor regional)/ Intercambiador Mirolindo/ patios/transportadoras/ paraderos intermunicipales y servicios para viajeros  
Parqueadero Y Servicios Berl n;4,4156;-75,1811;59;44;9:30;17:30;5000;2400;Corredor Mirolindo/Variante/ patios y transportadoras/ estaciones de servicio/ paraderos intermunicipales/urbanos/ acceso a Aeropuerto Perales  
Parqueadero;4,4183;-75,1772;34;21;10:00;18:00;4000;1900;Intercambiador Mirolindo/ conexion directa a Variante y Aeropuerto/ talleres y centros logisticos/ alto flujo de transporte  
PARQ. CONFENALCO;4,4087;-75,1585;65;49;10:00;20:00;5200;2600;Zona norte (Cll 126)/ acceso a Av   Ambala / Varsovia/ sedes deportivas/comunitarias del sector/ comercio y paraderos residenciales  
PQ MULTICAR;4,3882;-75,128;80;50;11:00;19:00;5200;2600;Corredor Av   Picalena (salida a Variante Aeropuerto)/ talleres  concesionarios y estaciones de servicio/ paraderos urbanos/intermunicipales  
PARQUEADERO LOS MANGUITOS;4,381;-75,1247;60;40;11:00;21:00;4500;2200;Mismo corredor Picalena   servicios automotrices y logistica/ comercio vial/ conectividad a Variante y Mirolindo  
Parqueadero MTR 24Hrs;4,3781;-75,1172;70;45;6:00;22:00;5000;2500;Sur    corredor 45 Sur/ proximidad funcional a Av   Picalena/Variante/ talleres y bodegas/ paraderos del sector  
Parqueadero MONTE REAL;4,4391;-75,2049;55;35;6:00;22:00;4700;2300;Eje Calle 57 cerca de Calle 60   acceso a centros comerciales  bancos y restaurantes/ conexion a Av   Guabinal y Av   Ambala/ droguerias y supermercados de cadena  
Aqua Parqueadero;4,4415;-75,2043;40;28;6:00;22:00;4200;2100;Cll 57 Cra 8 (zona mixta residencial/comercial)/ a pocas cuadras del eje Calle 60/ servicios y paraderos sobre Cra 8/ supermercados/droguerias cercanas  
Parqueadero Publico M Treinta;4,4414;-75,2225;90;40;6:00;22:00;4800;2400;Smart Fit    M30 (mismo edificio)/ IDIME Ibague Imagenes/ Clinica Asotrauma/ Centro optico Keralty    Cadiz (cluster medico de Cadiz)  
Parqueadero;4,4328;-75,2193;38;26;6:00;22:00;4100;2000;Corredor Cll 37    Av   Ferrocarril / Hipodromo/ Estadio Manuel Murillo Toro/ acceso a La Francia/ comercio y paraderos del Ferrocarril  
Parqueadero de Expreso;4,4204;-75,261;45;30;6:00;22:00;4400;2100;Barrio El Jazmin (comercio y servicios de barrio)/ corredor Av   19 Sur/ Terminal de Transportes de Ibague por ejes del sur/ paraderos de bus urbano/ estaciones de servicio del sector  
Parqueadero El Boga 2;4,4379;-75,2105;52;34;6:00;22:00;4600;2200;Zona Industrial El Papayo (talleres  bodegas  logistica)/ conexion a Av   Picalena y Variante/ paraderos intermunicipales/urbanos del corredor/ estaciones de servicio y centros de lubricacion  
Parqueadero;4,443;-75,2174;36;22;6:00;22:00;4000;1900;Hipodromo / La Francia    Cadiz (segun cruce indicado)/ Estadio Manuel Murillo Toro a pocas cuadras/ paraderos sobre Av   Ferrocarril/ acceso rapido al cluster medico de Cadiz (Asotrauma  IDIME)/ comercio y cafes de la zona  
Parqueadero las ferias;4,4317;-75,2317;30;38;6:00;22:00;2900;1600;Sector Las Ferias (actividad comercial)/ cercania funcional a Terminal de Transportes/ paraderos de rutas urbanas/ talleres y repuestos del corredor sur/ tiendas y droguerias de barrio  
